player_id,name,team,batting_style,bowling_style,playing_role,batting_runs,total_balls,total_fours,total_sixes,matches_played,total_overs,total_wickets,bowling_runs,total_maidens,total_wides,total_noballs,batting_strike_rate,bowling_economy,player_rating
1,Michael van Lingen,Namibia,Left hand Bat,Left arm Medium,Bowling Allrounder,33.0,33.0,4.0,0.0,3.0,0.0,0.0,0.0,0.0,0.0,0.0,100.0,0.0,82.0
2,Divan la Cock,Namibia,Right hand Bat,Legbreak,Opening Batter,9.0,11.0,1.0,0.0,2.0,0.0,0.0,0.0,0.0,0.0,0.0,81.81818181818183,0.0,73.22727272727273
3,Jan Nicol Loftie-Eaton,Namibia,Left hand Bat,"Right arm Medium, Legbreak",Batter,21.0,20.0,1.0,2.0,3.0,1.0,0.0,8.0,0.0,0.0,1.0,105.0,8.0,81.30000000000001
4,Stephan Baard,Namibia,Right hand Bat,Right arm Medium fast,Batter,49.0,52.0,3.0,0.0,3.0,0.0,0.0,0.0,0.0,0.0,0.0,94.23076923076923,0.0,79.1923076923077
5,Gerhard Erasmus(c),Namibia,Right hand Bat,Right arm Offbreak,Allrounder,52.0,60.0,2.0,0.0,3.0,0.0,0.0,0.0,0.0,0.0,0.0,86.66666666666667,0.0,75.66666666666667
6,Jan Frylinck,Namibia,Left hand Bat,Left arm Fast medium,Allrounder,101.0,93.0,6.0,1.0,3.0,11.0,3.0,72.0,1.0,2.0,0.0,108.6021505376344,6.545454545454546,90.82267839687194
7,David Wiese,Namibia,Right hand Bat,Right arm Medium fast,Allrounder,66.0,42.0,4.0,3.0,3.0,10.3,3.0,65.0,0.0,1.0,0.0,157.14285714285714,6.310679611650485,111.33287101248267
8,JJ Smit,Namibia,Right hand Bat,Left arm Medium fast,Bowling Allrounder,39.0,23.0,3.0,2.0,3.0,11.0,3.0,79.0,0.0,1.0,0.0,169.56521739130434,7.181818181818182,114.45335968379446
9,Pathum Nissanka,Sri Lanka,Right hand Bat,,Top order Batter,214.0,196.0,13.0,8.0,7.0,0.0,0.0,0.0,0.0,0.0,0.0,109.18367346938776,0.0,98.1734693877551
10,Kusal Mendis†,Sri Lanka,Right hand Bat,Legbreak,Wicketkeeper Batter,223.0,156.0,17.0,10.0,8.0,0.0,0.0,0.0,0.0,0.0,0.0,142.94871794871796,0.0,115.67948717948718
11,Dhananjaya de Silva,Sri Lanka,Right hand Bat,Right arm Offbreak,Allrounder,177.0,137.0,15.0,4.0,8.0,12.1,6.0,83.0,0.0,0.0,0.0,129.19708029197082,6.859504132231405,112.43503046389577
12,Danushka Gunathilaka,Sri Lanka,Left hand Bat,Right arm Offbreak,Allrounder,0.0,1.0,0.0,0.0,1.0,0.0,0.0,0.0,0.0,0.0,0.0,0.0,0.0,40.0
13,Bhanuka Rajapaksa,Sri Lanka,Left hand Bat,Right arm Medium,Top order Batter,125.0,105.0,14.0,2.0,7.0,0.0,0.0,0.0,0.0,0.0,0.0,119.04761904761905,0.0,96.61904761904762
14,Dasun Shanaka(c),Sri Lanka,Right hand Bat,Right arm Medium,Allrounder,78.0,74.0,6.0,3.0,7.0,0.0,0.0,0.0,0.0,0.0,0.0,105.40540540540539,0.0,88.16216216216216
15,Wanindu Hasaranga de Silva,Sri Lanka,Right hand Bat,Legbreak,Allrounder,25.0,34.0,2.0,0.0,6.0,31.0,15.0,199.0,1.0,0.0,0.0,73.52941176470588,6.419354838709677,97.84402277039848
16,Chamika Karunaratne,Sri Lanka,Right hand Bat,Right arm Medium fast,Bowling Allrounder,32.0,38.0,3.0,0.0,6.0,18.0,3.0,144.0,0.0,4.0,0.0,84.21052631578947,8.0,77.98421052631579
17,Pramod Madushan,Sri Lanka,Right hand Bat,Right arm Medium fast,Bowler,1.0,1.0,0.0,0.0,2.0,10.0,3.0,75.0,0.0,1.0,0.0,100.0,7.5,83.0
18,Dushmantha Chameera,Sri Lanka,Right hand Bat,Right arm Fast,Bowler,9.0,16.0,0.0,0.0,2.0,7.5,4.0,54.0,0.0,2.0,0.0,56.25,7.2,67.62
19,Maheesh Theekshana,Sri Lanka,Right hand Bat,Right arm Offbreak,Bowler,11.0,14.0,0.0,1.0,3.0,30.1,9.0,202.0,0.0,8.0,1.0,78.57142857142857,6.710963455149502,87.74418604651163
20,Gerhard Erasmus,Namibia,Right hand Bat,Right arm Offbreak,Allrounder,0.0,0.0,0.0,0.0,,4.0,0.0,21.0,0.0,1.0,0.0,0.0,5.25,37.9
21,Bernard Scholtz,Namibia,Right hand Bat,Slow Left arm Orthodox,Bowler,1.0,1.0,0.0,0.0,1.0,12.0,4.0,61.0,0.0,0.0,0.0,100.0,5.083333333333333,85.96666666666667
22,Ben Shikongo,Namibia,Right hand Bat,Right arm Medium fast,Bowler,0.0,0.0,0.0,0.0,,5.0,3.0,48.0,1.0,1.0,0.0,0.0,9.6,42.160000000000004
23,Charith Asalanka,Sri Lanka,Left hand Bat,Right arm Offbreak,Batting Allrounder,131.0,113.0,9.0,2.0,7.0,1.0,0.0,8.0,0.0,0.0,0.0,115.929203539823,8.0,89.67168141592921
24,David Warner,Australia,Left hand Bat,Legbreak,Opening Batter,44.0,41.0,6.0,0.0,4.0,0.0,0.0,0.0,0.0,0.0,0.0,107.31707317073172,0.0,85.92682926829269
25,Aaron Finch(c),Australia,Right hand Bat,Slow Left arm Orthodox,Top order Batter,107.0,97.0,6.0,5.0,3.0,0.0,0.0,0.0,0.0,0.0,0.0,110.30927835051547,0.0,92.1237113402062
26,Mitchell Marsh,Australia,Right hand Bat,Right arm Medium,Allrounder,106.0,81.0,8.0,6.0,4.0,1.0,0.0,14.0,0.0,0.0,0.0,130.8641975308642,14.0,96.74567901234568
27,Glenn Maxwell,Australia,Right hand Bat,Right arm Offbreak,Batting Allrounder,118.0,73.0,11.0,6.0,4.0,3.1,3.0,19.0,0.0,0.0,0.0,161.64383561643837,6.129032258064516,119.70592134334956
28,Marcus Stoinis,Australia,Right hand Bat,Right arm Medium,Batting Allrounder,126.0,78.0,7.0,9.0,4.0,9.0,1.0,87.0,0.0,4.0,0.0,161.53846153846155,9.666666666666666,115.24871794871797
29,Josh Hazlewood,Australia,Left hand Bat,Right arm Fast medium,Bowler,1.0,1.0,0.0,0.0,1.0,15.0,5.0,124.0,0.0,5.0,0.0,100.0,8.266666666666667,86.69333333333333
30,Pat Cummins,Australia,Right hand Bat,Right arm Fast,Bowler,21.0,20.0,2.0,1.0,2.0,16.0,3.0,132.0,0.0,5.0,0.0,105.0,8.25,86.7
31,Mitchell Starc,Australia,Left hand Bat,Left arm Fast,Bowler,4.0,7.0,0.0,0.0,1.0,12.0,3.0,102.0,1.0,3.0,1.0,57.14285714285714,8.5,65.45714285714286
32,Ashton Agar,Australia,Left hand Bat,Slow Left arm Orthodox,Bowler,0.0,0.0,0.0,0.0,,4.0,1.0,25.0,0.0,1.0,0.0,0.0,6.25,39.5
33,Binura Fernando,Sri Lanka,Right hand Bat,Left arm Medium fast,Bowler,0.0,0.0,0.0,0.0,,8.5,2.0,65.0,0.0,2.0,0.0,0.0,7.647058823529412,40.94117647058824
34,Lahiru Kumara,Sri Lanka,Left hand Bat,Right arm Fast,Bowler,4.0,5.0,1.0,0.0,1.0,19.7,7.0,153.0,0.0,10.0,2.0,80.0,7.766497461928934,83.39340101522842
35,Dasun Shanaka,Sri Lanka,Right hand Bat,Right arm Medium,Allrounder,0.0,0.0,0.0,0.0,,3.1,1.0,24.0,0.0,1.0,0.0,0.0,7.741935483870967,38.903225806451616
36,Regis Chakabva†,Zimbabwe,Right hand Bat,Right arm Offbreak,Wicketkeeper Batter,32.0,55.0,2.0,1.0,7.0,0.0,0.0,0.0,0.0,0.0,0.0,58.18181818181818,0.0,65.27272727272728
37,Craig Ervine(c),Zimbabwe,Left hand Bat,Right arm Offbreak,Middle order Batter,112.0,125.0,13.0,0.0,7.0,0.0,0.0,0.0,0.0,0.0,0.0,89.60000000000001,0.0,82.34
38,Wessly Madhevere,Zimbabwe,Right hand Bat,Right arm Offbreak,Allrounder,106.0,83.0,15.0,2.0,8.0,3.0,0.0,25.0,0.0,0.0,0.0,127.71084337349396,8.333333333333334,97.25100401606426
39,Sean Williams,Zimbabwe,Left hand Bat,Slow Left arm Orthodox,Middle order Batter,155.0,137.0,14.0,2.0,8.0,18.0,5.0,111.0,0.0,4.0,1.0,113.13868613138686,6.166666666666667,101.78880778588808
40,Sikandar Raza,Zimbabwe,Right hand Bat,Right arm Offbreak,Batting Allrounder,219.0,148.0,16.0,11.0,8.0,24.0,10.0,156.0,0.0,5.0,1.0,147.97297297297297,6.5,135.5891891891892
41,Milton Shumba,Zimbabwe,Left hand Bat,Slow Left arm Orthodox,Top order Batter,65.0,82.0,5.0,0.0,7.0,0.0,0.0,0.0,0.0,0.0,0.0,79.26829268292683,0.0,74.20731707317073
42,Ryan Burl,Zimbabwe,Left hand Bat,Legbreak,Middle order Batter,101.0,97.0,11.0,2.0,7.0,5.0,0.0,48.0,0.0,0.0,0.0,104.1237113402062,9.6,85.3094845360825
43,Luke Jongwe,Zimbabwe,Right hand Bat,Right arm Fast medium,Bowler,55.0,41.0,6.0,1.0,4.0,5.0,2.0,59.0,0.0,3.0,1.0,134.14634146341464,11.8,96.93853658536585
44,Paul Stirling,Ireland,Right hand Bat,Right arm Offbreak,Batting Allrounder,170.0,127.0,16.0,6.0,7.0,0.0,0.0,0.0,0.0,0.0,0.0,133.85826771653544,0.0,107.54330708661418
45,Andy Balbirnie(c),Ireland,Right hand Bat,Right arm Offbreak,Batter,153.0,123.0,10.0,9.0,7.0,0.0,0.0,0.0,0.0,0.0,0.0,124.39024390243902,0.0,103.7560975609756
46,Lorcan Tucker†,Ireland,Right hand Bat,,Wicketkeeper Batter,204.0,163.0,19.0,4.0,7.0,0.0,0.0,0.0,0.0,0.0,0.0,125.15337423312884,0.0,103.56134969325154
47,Harry Tector,Ireland,Right hand Bat,Right arm Offbreak,Middle order Batter,68.0,75.0,4.0,1.0,6.0,0.0,0.0,0.0,0.0,0.0,0.0,90.66666666666666,0.0,79.26666666666667
48,Curtis Campher,Ireland,Right hand Bat,Right arm Medium fast,Allrounder,126.0,77.0,12.0,2.0,6.0,8.0,2.0,74.0,0.0,0.0,0.0,163.63636363636365,9.25,113.75454545454548
49,George Dockrell,Ireland,Right hand Bat,Slow Left arm Orthodox,Allrounder,100.0,83.0,10.0,1.0,6.0,8.0,1.0,56.0,0.0,2.0,0.0,120.48192771084338,7.0,93.39277108433735
50,Gareth Delany,Ireland,Right hand Bat,Legbreak Googly,Batting Allrounder,69.0,54.0,7.0,1.0,5.0,23.3,6.0,185.0,0.0,8.0,0.0,127.77777777777777,7.939914163090129,104.43514544587507
51,Mark Adair,Ireland,Right hand Bat,Right arm Fast medium,Bowling Allrounder,28.0,31.0,1.0,1.0,5.0,24.0,4.0,212.0,0.0,17.0,0.0,90.32258064516128,8.833333333333334,82.09569892473118
52,Simi Singh,Ireland,Right hand Bat,"Right arm Offbreak, Legbreak Googly",Bowling Allrounder,7.0,9.0,1.0,0.0,2.0,9.0,3.0,78.0,0.0,1.0,0.0,77.77777777777779,8.666666666666666,74.14444444444445
53,Barry McCarthy,Ireland,Right hand Bat,Right arm Fast medium,Bowler,36.0,33.0,1.0,2.0,5.0,25.0,5.0,227.0,0.0,8.0,1.0,109.09090909090908,9.08,92.50436363636364
54,Josh Little,Ireland,Right hand Bat,Left arm Fast medium,Bowler,16.0,21.0,1.0,1.0,4.0,27.0,11.0,189.0,0.0,8.0,0.0,76.19047619047619,7.0,91.17619047619048
55,Richard Ngarava,Zimbabwe,Left hand Bat,Left arm Fast medium,Bowler,21.0,20.0,0.0,2.0,5.0,28.0,9.0,197.0,1.0,7.0,3.0,105.0,7.035714285714286,99.18571428571428
56,Tendai Chatara,Zimbabwe,Right hand Bat,Right arm Fast medium,Bowler,13.0,19.0,1.0,0.0,3.0,23.0,4.0,155.0,1.0,4.0,0.0,68.42105263157895,6.739130434782608,73.17276887871854
57,Blessing Muzarabani,Zimbabwe,Right hand Bat,Right arm Fast medium,Bowler,2.0,12.0,0.0,0.0,4.0,26.0,12.0,199.0,0.0,4.0,4.0,16.666666666666664,7.653846153846154,67.60512820512821
58,Hazratullah Zazai,Afghanistan,Left hand Bat,Slow Left arm Orthodox,Opening Batter,7.0,17.0,1.0,0.0,1.0,0.0,0.0,0.0,0.0,0.0,0.0,41.17647058823529,0.0,56.970588235294116
59,Rahmanullah Gurbaz†,Afghanistan,Right hand Bat,,Wicketkeeper Batter,68.0,50.0,4.0,5.0,3.0,0.0,0.0,0.0,0.0,0.0,0.0,136.0,0.0,101.4
60,Ibrahim Zadran,Afghanistan,Right hand Bat,Right arm Medium fast,Opening Batter,80.0,83.0,6.0,2.0,3.0,0.0,0.0,0.0,0.0,0.0,0.0,96.3855421686747,0.0,83.55421686746988
61,Usman Ghani,Afghanistan,Right hand Bat,,Opening Batter,59.0,64.0,5.0,1.0,3.0,0.0,0.0,0.0,0.0,0.0,0.0,92.1875,0.0,80.375
62,Najibullah Zadran,Afghanistan,Left hand Bat,Right arm Offbreak,Middle order Batter,31.0,29.0,1.0,1.0,3.0,0.0,0.0,0.0,0.0,0.0,0.0,106.89655172413792,0.0,84.25862068965517
63,Mohammad Nabi(c),Afghanistan,Right hand Bat,Right arm Offbreak,Allrounder,17.0,15.0,1.0,0.0,3.0,0.0,0.0,0.0,0.0,0.0,0.0,113.33333333333333,0.0,85.83333333333334
64,Azmatullah Omarzai,Afghanistan,Right hand Bat,Right arm Medium fast,Allrounder,11.0,10.0,1.0,0.0,2.0,3.1,0.0,28.0,0.0,4.0,0.0,110.00000000000001,9.032258064516128,80.88709677419357
65,Rashid Khan,Afghanistan,Right hand Bat,Legbreak Googly,Bowling Allrounder,57.0,32.0,4.0,4.0,3.0,12.0,4.0,77.0,0.0,2.0,0.0,178.125,6.416666666666667,122.68333333333334
66,Mujeeb Ur Rahman,Afghanistan,Right hand Bat,Right arm Offbreak,Bowler,1.0,3.0,0.0,0.0,2.0,12.0,4.0,88.0,0.0,1.0,0.0,33.33333333333333,7.333333333333333,58.400000000000006
67,Fareed Ahmad,Afghanistan,Left hand Bat,Left arm Fast medium,Bowler,2.0,4.0,0.0,0.0,1.0,4.0,1.0,48.0,0.0,2.0,0.0,50.0,12.0,57.2
68,Fazalhaq Farooqi,Afghanistan,Right hand Bat,Left arm Fast medium,Bowler,0.0,2.0,0.0,0.0,1.0,11.3,3.0,75.0,1.0,4.0,0.0,0.0,6.63716814159292,43.34513274336283
69,Jos Buttler(c)†,England,Right hand Bat,,Wicketkeeper Batter,225.0,156.0,24.0,7.0,6.0,0.0,0.0,0.0,0.0,0.0,0.0,144.23076923076923,0.0,116.6923076923077
70,Alex Hales,England,Right hand Bat,Right arm Medium,Opening Batter,212.0,144.0,19.0,10.0,6.0,0.0,0.0,0.0,0.0,0.0,0.0,147.22222222222223,0.0,118.38888888888889
71,Dawid Malan,England,Left hand Bat,Legbreak,Top order Batter,56.0,68.0,2.0,0.0,3.0,0.0,0.0,0.0,0.0,0.0,0.0,82.35294117647058,0.0,73.94117647058823
72,Ben Stokes,England,Left hand Bat,Right arm Fast medium,Allrounder,110.0,104.0,7.0,1.0,5.0,16.2,6.0,111.0,0.0,3.0,1.0,105.76923076923077,6.851851851851852,96.06695156695157
73,Liam Livingstone,England,Right hand Bat,Legbreak,Batting Allrounder,55.0,44.0,4.0,1.0,5.0,12.0,3.0,96.0,0.0,1.0,0.0,125.0,8.0,95.80000000000001
74,Harry Brook,England,Right hand Bat,Right arm Medium,Batter,56.0,58.0,2.0,1.0,5.0,0.0,0.0,0.0,0.0,0.0,0.0,96.55172413793103,0.0,80.62068965517241
75,Moeen Ali,England,Left hand Bat,Right arm Offbreak,Batting Allrounder,57.0,46.0,6.0,1.0,5.0,2.0,0.0,9.0,0.0,0.0,0.0,123.91304347826086,4.5,91.76521739130435
76,Chris Woakes,England,Right hand Bat,Right arm Fast medium,Allrounder,5.0,3.0,1.0,0.0,1.0,20.0,5.0,172.0,0.0,9.0,0.0,166.66666666666669,8.6,113.72666666666667
77,Mark Wood,England,Right hand Bat,Right arm Fast,Bowler,0.0,0.0,0.0,0.0,,14.0,9.0,108.0,0.0,4.0,0.0,0.0,7.714285714285714,54.91428571428572
78,Sam Curran,England,Left hand Bat,Left arm Medium fast,Allrounder,12.0,14.0,0.0,1.0,2.0,22.4,13.0,148.0,0.0,3.0,0.0,85.71428571428571,6.607142857142858,98.64285714285714
79,Adil Rashid,England,Right hand Bat,Legbreak,Bowler,0.0,0.0,0.0,0.0,,24.0,4.0,147.0,1.0,1.0,0.0,0.0,6.125,45.550000000000004
80,Mohammad Nabi,Afghanistan,Right hand Bat,Right arm Offbreak,Allrounder,0.0,0.0,0.0,0.0,,6.0,1.0,46.0,0.0,0.0,0.0,0.0,7.666666666666667,38.93333333333333
81,Muhammad Waseem,U.A.E.,Right hand Bat,Right arm Medium,Opening Batter,93.0,92.0,2.0,5.0,3.0,2.0,1.0,16.0,0.0,0.0,0.0,101.08695652173914,8.0,85.23478260869567
82,Vriitya Aravind†,U.A.E.,Right hand Bat,,Wicketkeeper,48.0,71.0,3.0,0.0,3.0,0.0,0.0,0.0,0.0,0.0,0.0,67.6056338028169,0.0,68.54225352112675
83,Chundangapoyil Rizwan(c),U.A.E.,Right hand Bat,Legbreak Googly,Middle order Batter,45.0,34.0,3.0,1.0,3.0,0.0,0.0,0.0,0.0,0.0,0.0,132.35294117647058,0.0,95.44117647058823
84,Alishan Sharafu,U.A.E.,Right hand Bat,Right arm Medium,Opening Batter,4.0,4.0,0.0,0.0,1.0,0.0,0.0,0.0,0.0,0.0,0.0,100.0,0.0,80.0
85,Basil Hameed,U.A.E.,Right hand Bat,Right arm Offbreak,Middle order Batter,31.0,24.0,3.0,2.0,3.0,5.0,3.0,37.0,0.0,0.0,0.0,129.16666666666669,7.4,98.20666666666668
86,Zane Green†,Namibia,Left hand Bat,,Wicketkeeper Batter,2.0,3.0,0.0,0.0,1.0,0.0,0.0,0.0,0.0,0.0,0.0,66.66666666666666,0.0,66.66666666666666
87,Ruben Trumpelmann,Namibia,Right hand Bat,Left arm Fast,Bowler,25.0,24.0,1.0,1.0,1.0,4.0,0.0,22.0,0.0,3.0,0.0,104.16666666666667,5.5,80.96666666666667
88,Junaid Siddique,U.A.E.,Right hand Bat,Right arm Medium fast,Bowler,18.0,17.0,1.0,1.0,2.0,12.0,4.0,95.0,0.0,5.0,0.0,105.88235294117648,7.916666666666667,88.68627450980392
89,Zahoor Khan,U.A.E.,Right hand Bat,Right arm Medium fast,Bowler,1.0,1.0,0.0,0.0,1.0,12.0,5.0,57.0,0.0,2.0,2.0,100.0,4.75,88.1
90,Ahmed Raza,U.A.E.,Right hand Bat,Slow Left arm Orthodox,Bowler,0.0,0.0,0.0,0.0,,1.0,0.0,9.0,0.0,0.0,0.0,0.0,9.0,36.4
91,Karthik Meiyappan,U.A.E.,Right hand Bat,Legbreak,Bowler,4.0,8.0,0.0,0.0,2.0,12.0,5.0,75.0,0.0,0.0,0.0,50.0,6.25,67.5
92,Aayan Afzal Khan,U.A.E.,Right hand Bat,Slow Left arm Orthodox,Bowling Allrounder,24.0,28.0,1.0,0.0,2.0,8.0,2.0,38.0,0.0,0.0,0.0,85.71428571428571,4.75,76.88571428571429
93,Chirag Suri,U.A.E.,Right hand Bat,"Right arm Offbreak, Legbreak Googly",Opening Batter,26.0,39.0,4.0,0.0,2.0,0.0,0.0,0.0,0.0,0.0,0.0,66.66666666666666,0.0,68.66666666666666
94,Kashif Daud,U.A.E.,Right hand Bat,Right arm Medium fast,Bowling Allrounder,15.0,18.0,0.0,1.0,2.0,2.0,0.0,19.0,0.0,0.0,0.0,83.33333333333334,9.5,70.53333333333333
95,Zawar Farid,U.A.E.,Right hand Bat,Right arm Medium,Bowler,2.0,4.0,0.0,0.0,1.0,2.5,0.0,24.0,0.0,0.0,0.0,50.0,9.6,56.160000000000004
96,Vikramjit Singh,Netherlands,Left hand Bat,Right arm Medium fast,Opening Batter,57.0,62.0,5.0,2.0,5.0,0.0,0.0,0.0,0.0,0.0,0.0,91.93548387096774,0.0,81.2741935483871
97,Max O'Dowd,Netherlands,Right hand Bat,Right arm Offbreak,Opening Batter,242.0,215.0,22.0,8.0,8.0,0.0,0.0,0.0,0.0,0.0,0.0,112.55813953488372,0.0,104.02325581395348
98,Bas de Leede,Netherlands,Right hand Bat,Right arm Fast medium,Batting Allrounder,93.0,117.0,7.0,1.0,8.0,22.0,13.0,169.0,0.0,7.0,2.0,79.48717948717949,7.681818181818182,99.22214452214453
99,Colin Ackermann,Netherlands,Right hand Bat,Right arm Offbreak,Batting Allrounder,165.0,149.0,13.0,4.0,8.0,7.0,1.0,37.0,0.0,0.0,0.0,110.73825503355705,5.285714285714286,94.68101629913711
100,Tom Cooper,Netherlands,Right hand Bat,Right arm Offbreak,Middle order Batter,107.0,103.0,7.0,3.0,8.0,0.0,0.0,0.0,0.0,0.0,0.0,103.88349514563106,0.0,88.05339805825243
101,Scott Edwards(c)†,Netherlands,Right hand Bat,,Wicketkeeper Batter,91.0,104.0,8.0,0.0,8.0,0.0,0.0,0.0,0.0,0.0,0.0,87.5,0.0,79.0
102,Roelof van der Merwe,Netherlands,Right hand Bat,Slow Left arm Orthodox,Allrounder,5.0,12.0,0.0,0.0,4.0,11.0,2.0,75.0,0.0,1.0,0.0,41.66666666666667,6.818181818181818,57.93939393939394
103,Tim Pringle,Netherlands,Right hand Bat,Slow Left arm Orthodox,Allrounder,51.0,58.0,1.0,1.0,6.0,17.0,3.0,102.0,0.0,0.0,0.0,87.93103448275862,6.0,80.27241379310345
104,Logan van Beek,Netherlands,Right hand Bat,Right arm Medium fast,Bowler,15.0,23.0,0.0,0.0,4.0,16.2,3.0,125.0,0.0,3.0,0.0,65.21739130434783,7.71604938271605,69.00053676865272
105,Fred Klaassen,Netherlands,Right hand Bat,Left arm Fast medium,Bowler,10.0,11.0,0.0,0.0,4.0,30.0,8.0,191.0,0.0,10.0,0.0,90.9090909090909,6.366666666666666,89.81696969696971
106,Paul van Meekeren,Netherlands,Right hand Bat,Right arm Fast medium,Bowler,45.0,27.0,6.0,1.0,4.0,31.0,11.0,198.0,0.0,5.0,1.0,166.66666666666669,6.387096774193548,130.11182795698926
107,Kyle Mayers,West Indies,Left hand Bat,Right arm Medium,Batting Allrounder,34.0,30.0,5.0,1.0,3.0,3.0,0.0,41.0,0.0,3.0,0.0,113.33333333333333,13.666666666666666,83.36666666666667
108,Johnson Charles,West Indies,Right hand Bat,,Wicketkeeper Batter,69.0,54.0,6.0,3.0,2.0,0.0,0.0,0.0,0.0,0.0,0.0,127.77777777777777,0.0,97.11111111111111
109,Evin Lewis,West Indies,Left hand Bat,,Opening Batter,42.0,49.0,2.0,1.0,3.0,0.0,0.0,0.0,0.0,0.0,0.0,85.71428571428571,0.0,76.28571428571428
110,Brandon King,West Indies,Right hand Bat,,Top order Batter,79.0,63.0,9.0,1.0,2.0,0.0,0.0,0.0,0.0,0.0,0.0,125.39682539682539,0.0,95.65873015873015
111,Nicholas Pooran(c)†,West Indies,Left hand Bat,Right arm Offbreak,Wicketkeeper Batter,25.0,29.0,0.0,1.0,3.0,0.0,0.0,0.0,0.0,0.0,0.0,86.20689655172413,0.0,75.48275862068965
112,Rovman Powell,West Indies,Right hand Bat,Right arm Medium fast,Middle order Batter,39.0,35.0,2.0,2.0,3.0,0.0,0.0,0.0,0.0,0.0,0.0,111.42857142857143,0.0,87.57142857142858
113,Odean Smith,West Indies,Right hand Bat,Right arm Fast medium,Bowling Allrounder,25.0,22.0,1.0,2.0,3.0,9.0,2.0,85.0,0.0,2.0,2.0,113.63636363636364,9.444444444444445,88.17676767676768
114,Obed McCoy,West Indies,Left hand Bat,Left arm Fast medium,Bowler,2.0,3.0,0.0,0.0,1.0,9.3,1.0,71.0,0.0,0.0,0.0,66.66666666666666,7.634408602150537,65.61290322580645
115,Akeal Hosein,West Indies,Left hand Bat,Slow Left arm Orthodox,Bowler,24.0,19.0,2.0,0.0,2.0,12.0,2.0,94.0,0.0,1.0,1.0,126.3157894736842,7.833333333333333,92.39298245614034
116,Alzarri Joseph,West Indies,Right hand Bat,Right arm Fast,Bowler,0.0,1.0,0.0,0.0,1.0,12.0,6.0,83.0,0.0,3.0,0.0,0.0,6.916666666666667,49.233333333333334
117,Jason Holder,West Indies,Right hand Bat,Right arm Medium fast,Bowling Allrounder,42.0,36.0,4.0,1.0,2.0,10.2,5.0,49.0,0.0,0.0,0.0,116.66666666666667,4.803921568627452,97.74509803921569
118,Mohammad Rizwan†,Pakistan,Right hand Bat,,Wicketkeeper Batter,175.0,160.0,15.0,3.0,7.0,0.0,0.0,0.0,0.0,0.0,0.0,109.375,0.0,94.25
119,Babar Azam(c),Pakistan,Right hand Bat,Right arm Offbreak,Batter,124.0,133.0,13.0,0.0,7.0,0.0,0.0,0.0,0.0,0.0,0.0,93.23308270676691,0.0,83.79323308270676
120,Shan Masood,Pakistan,Left hand Bat,Right arm Medium fast,Opening Batter,175.0,148.0,12.0,1.0,7.0,0.0,0.0,0.0,0.0,0.0,0.0,118.24324324324324,0.0,94.29729729729729
121,Iftikhar Ahmed,Pakistan,Right hand Bat,Right arm Offbreak,Middle order Batter,114.0,93.0,6.0,6.0,7.0,3.5,1.0,28.0,0.0,0.0,0.0,122.58064516129032,8.0,96.83225806451614
122,Shadab Khan,Pakistan,Right hand Bat,Legbreak,Allrounder,98.0,58.0,7.0,5.0,6.0,26.0,11.0,165.0,0.0,0.0,0.0,168.9655172413793,6.346153846153846,135.5477453580902
123,Haider Ali,Pakistan,Right hand Bat,,Middle order Batter,2.0,5.0,0.0,0.0,2.0,0.0,0.0,0.0,0.0,0.0,0.0,40.0,0.0,56.0
124,Mohammad Nawaz,Pakistan,Left hand Bat,Slow Left arm Orthodox,Allrounder,68.0,64.0,7.0,2.0,5.0,9.0,3.0,67.0,0.0,2.0,1.0,106.25,7.444444444444445,91.02222222222223
125,Asif Ali,Pakistan,Right hand Bat,Right arm Offbreak,Middle order Batter,2.0,3.0,0.0,0.0,1.0,0.0,0.0,0.0,0.0,0.0,0.0,66.66666666666666,0.0,66.66666666666666
126,Shaheen Shah Afridi,Pakistan,Left hand Bat,Left arm Fast,Bowler,22.0,12.0,2.0,1.0,3.0,25.1,11.0,155.0,0.0,2.0,0.0,183.33333333333331,6.175298804780876,134.86321381142096
127,Haris Rauf,Pakistan,Right hand Bat,Right arm Fast,Bowler,10.0,7.0,0.0,1.0,3.0,26.0,8.0,178.0,1.0,3.0,0.0,142.85714285714286,6.846153846153846,111.4043956043956
128,KL Rahul,India,Right hand Bat,,Opening Batter,128.0,106.0,8.0,8.0,6.0,0.0,0.0,0.0,0.0,0.0,0.0,120.75471698113208,0.0,100.30188679245283
129,Rohit Sharma(c),India,Right hand Bat,Right arm Offbreak,Top order Batter,116.0,109.0,11.0,4.0,6.0,0.0,0.0,0.0,0.0,0.0,0.0,106.42201834862387,0.0,92.06880733944955
130,Virat Kohli,India,Right hand Bat,Right arm Medium,Top order Batter,296.0,217.0,25.0,8.0,6.0,0.0,0.0,0.0,0.0,0.0,0.0,136.40552995391707,0.0,115.06221198156683
131,Suryakumar Yadav,India,Right hand Bat,"Right arm Medium, Right arm Offbreak",Batter,239.0,126.0,26.0,9.0,6.0,0.0,0.0,0.0,0.0,0.0,0.0,189.68253968253967,0.0,137.87301587301587
132,Axar Patel,India,Left hand Bat,Slow Left arm Orthodox,Bowling Allrounder,9.0,9.0,1.0,0.0,3.0,13.2,3.0,115.0,0.0,0.0,0.0,100.0,8.712121212121213,83.01515151515152
133,Hardik Pandya,India,Right hand Bat,Right arm Medium fast,Allrounder,128.0,97.0,7.0,7.0,5.0,18.0,8.0,146.0,0.0,3.0,1.0,131.95876288659792,8.11111111111111,116.03906071019472
134,Dinesh Karthik†,India,Right hand Bat,Right arm Offbreak,Wicketkeeper Batter,14.0,22.0,1.0,0.0,3.0,0.0,0.0,0.0,0.0,0.0,0.0,63.63636363636363,0.0,65.95454545454545
135,Ravichandran Ashwin,India,Right hand Bat,Right arm Offbreak,Bowling Allrounder,21.0,18.0,1.0,1.0,4.0,19.0,6.0,155.0,0.0,5.0,0.0,116.66666666666667,8.157894736842104,96.90350877192984
136,Bhuvneshwar Kumar,India,Right hand Bat,Right arm Medium,Bowler,4.0,6.0,0.0,0.0,1.0,18.4,4.0,115.0,3.0,5.0,0.0,66.66666666666666,6.250000000000001,72.16666666666666
137,Arshdeep Singh,India,Left hand Bat,Left arm Medium fast,Bowler,2.0,1.0,0.0,0.0,1.0,20.0,10.0,156.0,0.0,6.0,1.0,200.0,7.8,136.88
138,Mohammed Shami,India,Right hand Bat,Right arm Fast,Bowler,0.0,2.0,0.0,0.0,1.0,20.0,6.0,143.0,0.0,1.0,0.0,0.0,7.15,49.14
139,Naseem Shah,Pakistan,Right hand Bat,Right arm Fast,Bowler,5.0,3.0,0.0,0.0,1.0,26.0,3.0,162.0,0.0,4.0,0.0,166.66666666666669,6.230769230769231,110.17435897435898
140,Najmul Hossain Shanto,Bangladesh,Left hand Bat,Right arm Offbreak,Top order Batter,180.0,157.0,20.0,2.0,5.0,0.0,0.0,0.0,0.0,0.0,0.0,114.64968152866241,0.0,97.85987261146497
141,Soumya Sarkar,Bangladesh,Left hand Bat,Right arm Medium fast,Middle order Batter,49.0,39.0,3.0,3.0,4.0,3.0,1.0,29.0,0.0,1.0,0.0,125.64102564102564,9.666666666666666,92.88974358974359
142,Litton Das,Bangladesh,Right hand Bat,,Wicketkeeper Batter,127.0,89.0,11.0,5.0,5.0,0.0,0.0,0.0,0.0,0.0,0.0,142.69662921348313,0.0,107.57865168539325
143,Shakib Al Hasan(c),Bangladesh,Left hand Bat,Slow Left arm Orthodox,Allrounder,44.0,46.0,3.0,0.0,5.0,0.0,0.0,0.0,0.0,0.0,0.0,95.65217391304348,0.0,79.7608695652174
144,Afif Hossain,Bangladesh,Left hand Bat,Right arm Offbreak,Allrounder,95.0,76.0,6.0,3.0,5.0,1.0,1.0,11.0,0.0,0.0,0.0,125.0,11.0,93.6
145,Yasir Ali,Bangladesh,Right hand Bat,Right arm Offbreak,Middle order Batter,5.0,9.0,0.0,0.0,3.0,0.0,0.0,0.0,0.0,0.0,0.0,55.55555555555556,0.0,62.22222222222223
146,Nurul Hasan†,Bangladesh,Right hand Bat,,Wicketkeeper Batter,41.0,42.0,2.0,1.0,5.0,0.0,0.0,0.0,0.0,0.0,0.0,97.61904761904762,0.0,81.04761904761905
147,Mosaddek Hossain,Bangladesh,Right hand Bat,Right arm Offbreak,Middle order Batter,38.0,39.0,2.0,2.0,5.0,7.0,2.0,64.0,0.0,0.0,2.0,97.43589743589743,9.142857142857142,82.31721611721613
148,Taskin Ahmed,Bangladesh,Left hand Bat,Right arm Fast,Bowler,23.0,30.0,2.0,1.0,4.0,18.0,8.0,131.0,1.0,0.0,4.0,76.66666666666667,7.277777777777778,85.75555555555556
149,Hasan Mahmud,Bangladesh,Right hand Bat,Right arm Medium,Bowler,0.0,5.0,0.0,0.0,2.0,16.0,6.0,134.0,1.0,5.0,1.0,0.0,8.375,48.65
150,Shariz Ahmad,Netherlands,Left hand Bat,Legbreak Googly,Bowler,25.0,19.0,3.0,0.0,2.0,4.0,1.0,32.0,0.0,0.0,0.0,131.57894736842107,8.0,92.93157894736844
151,Shakib Al Hasan,Bangladesh,Left hand Bat,Slow Left arm Orthodox,Allrounder,0.0,0.0,0.0,0.0,,19.0,6.0,167.0,0.0,1.0,1.0,0.0,8.789473684210526,48.48421052631579
152,Mustafizur Rahman,Bangladesh,Left hand Bat,Left arm Fast medium,Bowler,9.0,4.0,0.0,1.0,2.0,20.0,3.0,112.0,0.0,2.0,0.0,225.0,5.6,134.76
153,Fionn Hand,Ireland,Right hand Bat,Right arm Medium,Bowling Allrounder,12.0,11.0,2.0,0.0,3.0,5.0,1.0,54.0,0.0,5.0,0.0,109.09090909090908,10.8,82.31636363636363
154,George Munsey,Scotland,Left hand Bat,Right arm Medium fast,Opening Batter,121.0,106.0,16.0,0.0,3.0,0.0,0.0,0.0,0.0,0.0,0.0,114.15094339622642,0.0,93.66037735849056
155,Michael Jones,Scotland,Right hand Bat,Right arm Offbreak,Top order Batter,110.0,77.0,10.0,4.0,3.0,0.0,0.0,0.0,0.0,0.0,0.0,142.85714285714286,0.0,106.14285714285714
156,Matthew Cross†,Scotland,Right hand Bat,,Wicketkeeper Batter,32.0,33.0,5.0,0.0,3.0,0.0,0.0,0.0,0.0,0.0,0.0,96.96969696969697,0.0,81.28787878787878
157,Richie Berrington(c),Scotland,Right hand Bat,Right arm Medium fast,Top order Batter,66.0,56.0,3.0,2.0,3.0,0.0,0.0,0.0,0.0,0.0,0.0,117.85714285714286,0.0,90.64285714285714
158,Calum MacLeod,Scotland,Right hand Bat,"Right arm Medium fast, Right arm Offbreak",Top order Batter,48.0,43.0,5.0,0.0,3.0,1.0,0.0,11.0,0.0,0.0,0.0,111.62790697674419,11.0,82.75116279069768
159,Michael Leask,Scotland,Right hand Bat,Right arm Offbreak,Allrounder,33.0,28.0,4.0,0.0,3.0,10.0,4.0,67.0,0.0,1.0,0.0,117.85714285714286,6.7,94.46285714285715
160,Chris Greaves,Scotland,Right hand Bat,Legbreak,Bowler,19.0,18.0,2.0,0.0,2.0,2.0,0.0,18.0,0.0,1.0,0.0,105.55555555555556,9.0,79.62222222222223
161,Shamarh Brooks,West Indies,Right hand Bat,Legbreak,Top order Batter,4.0,12.0,0.0,0.0,2.0,0.0,0.0,0.0,0.0,0.0,0.0,33.33333333333333,0.0,53.33333333333333
162,Mark Watt,Scotland,Left hand Bat,Slow Left arm Orthodox,Bowler,0.0,0.0,0.0,0.0,,12.0,5.0,70.0,0.0,3.0,0.0,0.0,5.833333333333333,47.66666666666667
163,Brad Wheal,Scotland,Right hand Bat,Right arm Fast medium,Bowler,0.0,0.0,0.0,0.0,,12.0,4.0,83.0,0.0,0.0,0.0,0.0,6.916666666666667,45.233333333333334
164,Josh Davey,Scotland,Right hand Bat,Right arm Medium fast,Bowler,4.0,3.0,0.0,0.0,1.0,10.0,3.0,96.0,0.0,2.0,1.0,133.33333333333331,9.6,95.49333333333334
165,Safyaan Sharif,Scotland,Right hand Bat,Right arm Medium fast,Bowler,0.0,0.0,0.0,0.0,,8.6,2.0,78.0,0.0,3.0,1.0,0.0,9.069767441860465,40.372093023255815
166,Quinton de Kock†,South Africa,Left hand Bat,,Wicketkeeper Batter,124.0,77.0,16.0,5.0,5.0,0.0,0.0,0.0,0.0,0.0,0.0,161.03896103896105,0.0,117.41558441558442
167,Temba Bavuma(c),South Africa,Right hand Bat,Right arm Medium,Middle order Batter,70.0,62.0,6.0,2.0,5.0,0.0,0.0,0.0,0.0,0.0,0.0,112.90322580645163,0.0,90.16129032258065
168,Kagiso Rabada,South Africa,Left hand Bat,Right arm Fast,Bowler,10.0,10.0,0.0,0.0,2.0,16.0,2.0,151.0,0.0,2.0,0.0,100.0,9.4375,80.225
169,Wayne Parnell,South Africa,Left hand Bat,Left arm Medium fast,Bowler,5.0,13.0,0.0,0.0,4.0,16.0,5.0,102.0,1.0,2.0,0.0,38.46153846153847,6.375,62.83461538461539
170,Lungi Ngidi,South Africa,Right hand Bat,Right arm Fast medium,Bowler,4.0,1.0,1.0,0.0,1.0,13.0,7.0,116.0,0.0,4.0,0.0,400.0,8.923076923076923,210.93076923076924
171,Keshav Maharaj,South Africa,Right hand Bat,Slow Left arm Orthodox,Bowler,13.0,12.0,0.0,1.0,1.0,12.0,3.0,89.0,0.0,0.0,0.0,108.33333333333333,7.416666666666667,87.36666666666667
172,Anrich Nortje,South Africa,Right hand Bat,Right arm Fast,Bowler,5.0,6.0,1.0,0.0,2.0,17.3,11.0,94.0,0.0,0.0,1.0,83.33333333333334,5.433526011560693,93.65992292870907
173,Timm van der Gugten,Netherlands,Right hand Bat,Right arm Fast medium,Bowler,0.0,1.0,0.0,0.0,1.0,6.0,1.0,60.0,0.0,2.0,0.0,0.0,10.0,38.0
174,Finn Allen,New Zealand,Right hand Bat,,Top order Batter,95.0,51.0,11.0,5.0,5.0,0.0,0.0,0.0,0.0,0.0,0.0,186.27450980392157,0.0,125.00980392156863
175,Devon Conway†,New Zealand,Left hand Bat,Right arm Medium,Wicketkeeper Batter,145.0,124.0,12.0,2.0,5.0,0.0,0.0,0.0,0.0,0.0,0.0,116.93548387096774,0.0,94.7741935483871
176,Kane Williamson(c),New Zealand,Right hand Bat,Right arm Offbreak,Top order Batter,178.0,153.0,11.0,5.0,5.0,0.0,0.0,0.0,0.0,0.0,0.0,116.33986928104576,0.0,97.0359477124183
177,Glenn Phillips,New Zealand,Right hand Bat,Right arm Offbreak,Wicketkeeper Batter,201.0,127.0,19.0,8.0,5.0,0.0,0.0,0.0,0.0,0.0,0.0,158.26771653543307,0.0,120.80708661417323
178,James Neesham,New Zealand,Left hand Bat,Right arm Medium fast,Batting Allrounder,53.0,37.0,2.0,2.0,5.0,0.0,0.0,0.0,0.0,0.0,0.0,143.24324324324326,0.0,100.2972972972973
179,Tim David,Australia,Right hand Bat,Right arm Offbreak,Middle order Batter,26.0,18.0,2.0,1.0,2.0,0.0,0.0,0.0,0.0,0.0,0.0,144.44444444444443,0.0,99.77777777777777
180,Matthew Wade†,Australia,Left hand Bat,Right arm Medium,Wicketkeeper Batter,9.0,7.0,1.0,0.0,2.0,0.0,0.0,0.0,0.0,0.0,0.0,128.57142857142858,0.0,91.92857142857144
181,Adam Zampa,Australia,Right hand Bat,Legbreak Googly,Bowler,1.0,3.0,0.0,0.0,2.0,12.0,5.0,80.0,0.0,1.0,0.0,33.33333333333333,6.666666666666667,60.66666666666667
182,Trent Boult,New Zealand,Right hand Bat,Left arm Fast medium,Bowler,0.0,0.0,0.0,0.0,,20.0,8.0,148.0,0.0,3.0,0.0,0.0,7.4,53.04
183,Tim Southee,New Zealand,Right hand Bat,Right arm Medium fast,Bowler,5.0,3.0,1.0,0.0,2.0,17.2,7.0,114.0,1.0,3.0,0.0,166.66666666666669,6.627906976744186,118.51550387596899
184,Mitchell Santner,New Zealand,Left hand Bat,Slow Left arm Orthodox,Bowling Allrounder,27.0,16.0,0.0,2.0,3.0,20.0,9.0,129.0,0.0,0.0,0.0,168.75,6.45,124.92
185,Lockie Ferguson,New Zealand,Right hand Bat,Right arm Fast,Bowler,0.0,0.0,0.0,0.0,,19.0,7.0,159.0,0.0,4.0,1.0,0.0,8.368421052631579,50.65263157894737
186,Ish Sodhi,New Zealand,Right hand Bat,Legbreak,Bowler,7.0,7.0,0.0,0.0,2.0,19.2,6.0,130.0,0.0,3.0,0.0,100.0,6.770833333333334,89.29166666666667
187,Aryan Lakra,U.A.E.,Left hand Bat,Slow Left arm Orthodox,Bowler,1.0,3.0,0.0,0.0,1.0,3.0,1.0,24.0,0.0,0.0,0.0,33.33333333333333,8.0,52.13333333333334
188,Stephan Myburgh,Netherlands,Left hand Bat,Right arm Offbreak,Opening Batter,51.0,48.0,8.0,1.0,3.0,0.0,0.0,0.0,0.0,0.0,0.0,106.25,0.0,87.5
189,Brandon Glover,Netherlands,Right hand Bat,Right arm Fast,Bowler,0.0,0.0,0.0,0.0,,8.5,7.0,60.0,1.0,3.0,0.0,0.0,7.0588235294117645,51.1764705882353
190,Shoriful Islam,Bangladesh,Left hand Bat,Left arm Medium fast,Bowler,0.0,0.0,0.0,0.0,,4.0,0.0,57.0,0.0,2.0,2.0,0.0,14.25,34.300000000000004
191,Daryl Mitchell,New Zealand,Right hand Bat,Right arm Medium,Allrounder,109.0,85.0,5.0,1.0,4.0,0.0,0.0,0.0,0.0,0.0,0.0,128.23529411764707,0.0,94.79411764705884
192,Kasun Rajitha,Sri Lanka,Right hand Bat,Right arm Medium fast,Bowler,8.0,21.0,0.0,0.0,1.0,11.0,3.0,94.0,0.0,4.0,3.0,38.095238095238095,8.545454545454545,57.819913419913426
193,Deepak Hooda,India,Right hand Bat,Right arm Offbreak,Allrounder,0.0,3.0,0.0,0.0,1.0,0.0,0.0,0.0,0.0,0.0,0.0,0.0,0.0,40.0
194,Rilee Rossouw,South Africa,Left hand Bat,Right arm Offbreak,Top order Batter,141.0,83.0,9.0,9.0,4.0,0.0,0.0,0.0,0.0,0.0,0.0,169.87951807228916,0.0,121.45180722891567
195,Aiden Markram,South Africa,Right hand Bat,Right arm Offbreak,Opening Batter,99.0,79.0,13.0,1.0,4.0,3.0,1.0,21.0,0.0,1.0,0.0,125.31645569620254,7.0,96.82658227848103
196,David Miller,South Africa,Left hand Bat,Right arm Offbreak,Middle order Batter,78.0,67.0,5.0,3.0,3.0,0.0,0.0,0.0,0.0,0.0,0.0,116.4179104477612,0.0,92.06716417910448
197,Tristan Stubbs,South Africa,Right hand Bat,Right arm Offbreak,Wicketkeeper Batter,31.0,31.0,2.0,1.0,3.0,0.0,0.0,0.0,0.0,0.0,0.0,100.0,0.0,82.0
198,Nasum Ahmed,Bangladesh,Left hand Bat,Slow Left arm Orthodox,Bowler,7.0,6.0,1.0,0.0,1.0,4.0,1.0,14.0,0.0,2.0,0.0,116.66666666666667,3.5,87.76666666666668
199,Mohammad Haris,Pakistan,Right hand Bat,Right arm Offbreak,Middle order Batter,97.0,67.0,6.0,6.0,4.0,0.0,0.0,0.0,0.0,0.0,0.0,144.77611940298507,0.0,106.91044776119404
200,Mohammad Wasim,Pakistan,Right hand Bat,Right arm Fast medium,Allrounder,16.0,22.0,2.0,0.0,3.0,17.0,8.0,124.0,0.0,8.0,0.0,72.72727272727273,7.294117647058823,83.17326203208557
201,Ebadot Hossain,Bangladesh,Right hand Bat,Right arm Fast medium,Bowler,0.0,0.0,0.0,0.0,,3.1,1.0,25.0,0.0,0.0,1.0,0.0,8.064516129032258,38.774193548387096
202,Heinrich Klaasen,South Africa,Right hand Bat,Right arm Offbreak,Wicketkeeper Batter,36.0,27.0,3.0,1.0,2.0,0.0,0.0,0.0,0.0,0.0,0.0,133.33333333333331,0.0,95.83333333333333
203,Brad Evans,Zimbabwe,Right hand Bat,Right arm Fast,Allrounder,21.0,17.0,0.0,1.0,2.0,7.0,2.0,57.0,0.0,1.0,0.0,123.52941176470588,8.142857142857142,91.15462184873951
204,Fakhar Zaman,Pakistan,Left hand Bat,Slow Left arm Orthodox,Opening Batter,20.0,16.0,3.0,0.0,1.0,0.0,0.0,0.0,0.0,0.0,0.0,125.0,0.0,91.5
205,Cameron Green,Australia,Right hand Bat,Right arm Fast medium,Batting Allrounder,3.0,2.0,0.0,0.0,1.0,2.0,0.0,13.0,0.0,0.0,0.0,150.0,6.5,97.4
206,Steven Smith,Australia,Right hand Bat,Legbreak Googly,Middle order Batter,4.0,4.0,1.0,0.0,1.0,0.0,0.0,0.0,0.0,0.0,0.0,100.0,0.0,80.5
207,Matthew Wade(c)†,Australia,Left hand Bat,Right arm Medium,Wicketkeeper Batter,6.0,8.0,1.0,0.0,1.0,0.0,0.0,0.0,0.0,0.0,0.0,75.0,0.0,70.5
208,Kane Richardson,Australia,Right hand Bat,Right arm Fast medium,Bowler,1.0,1.0,0.0,0.0,1.0,4.0,1.0,48.0,0.0,1.0,0.0,100.0,12.0,77.2
209,Gulbadin Naib,Afghanistan,Right hand Bat,Right arm Medium fast,Batting Allrounder,51.0,37.0,3.0,2.0,2.0,4.0,0.0,43.0,0.0,0.0,0.0,137.83783783783784,10.75,94.33513513513515
210,Darwish Rasooli,Afghanistan,Right hand Bat,Right arm Offbreak,Top order Batter,15.0,13.0,1.0,0.0,1.0,0.0,0.0,0.0,0.0,0.0,0.0,115.38461538461537,0.0,86.65384615384616
211,Naveen-ul-Haq,Afghanistan,Right hand Bat,Right arm Medium fast,Bowler,0.0,0.0,0.0,0.0,1.0,4.0,3.0,21.0,0.0,0.0,0.0,0.0,5.25,43.9
212,Rishabh Pant†,India,Left hand Bat,,Wicketkeeper Batter,9.0,9.0,1.0,0.0,2.0,0.0,0.0,0.0,0.0,0.0,0.0,100.0,0.0,80.5
213,Tony Munyonga,Zimbabwe,Right hand Bat,Right arm Offbreak,Allrounder,7.0,10.0,1.0,0.0,2.0,0.0,0.0,0.0,0.0,0.0,0.0,70.0,0.0,68.5
214,Wellington Masakadza,Zimbabwe,Left hand Bat,Slow Left arm Orthodox,Bowler,1.0,7.0,0.0,0.0,1.0,2.0,0.0,12.0,0.0,1.0,0.0,14.285714285714285,6.0,43.31428571428572
215,Tabraiz Shamsi,South Africa,Right hand Bat,Left arm Wrist spin,Bowler,1.0,1.0,0.0,0.0,1.0,8.0,4.0,56.0,0.0,4.0,0.0,100.0,7.0,85.2
216,Phil Salt,England,Right hand Bat,Right arm Offbreak,Wicketkeeper Batter,10.0,9.0,2.0,0.0,1.0,0.0,0.0,0.0,0.0,0.0,0.0,111.11111111111111,0.0,85.44444444444446
217,Chris Jordan,England,Right hand Bat,Right arm Fast medium,Bowler,0.0,0.0,0.0,0.0,,8.0,5.0,70.0,0.0,1.0,0.0,0.0,8.75,46.5
218,Regis Chakabva(c)†,Zimbabwe,Right hand Bat,Right arm Offbreak,Wicketkeeper Batter,13.0,9.0,3.0,0.0,1.0,0.0,0.0,0.0,0.0,0.0,0.0,144.44444444444443,0.0,99.27777777777777
219,Mehidy Hasan Miraz,Bangladesh,Right hand Bat,Right arm Offbreak,Allrounder,11.0,13.0,0.0,0.0,1.0,3.0,0.0,32.0,0.0,0.0,0.0,84.61538461538461,10.666666666666666,69.57948717948719
